Dan@gmail.com,Dan,password
John@gmail.com,John,password
Mike@gmail.com,Mike,password
Jack@gmail.com,Jack,password
Luke@gmail.com,Luke,password
Mark@gmail.com,Mark,password
Jett@gmail.com,Jett,password
Morne@gmail.com,Morne,password
Jamie@gmail.com,Jamie,password
Kayla@gmail.com,Kayla,password
Janine@gmail.com,Janine,password
Rubin@gmail.com,Rubin,password
Alex@gmail.com,Alex,password
Jessica@gmail.com,Jessica,password
Michele@gmail.com,Michele,password
Abby@gmail.com,Abby,password
Shannon@gmail.com,Shannon,password
Lizzy@gmail.com,Lizzy,password
Etienne@gmail.com,Etienne,password
Emile@gmail.com,Emile,password
Renaldo@gmail.com,Renaldo,password
William@gmail.com,William,password
Josh@gmail.com,Josh,password
Tracy@gmail.com,Tracy,password
Kyle@gmail.com,Kyle,password
Michael@gmail.com,Michael,password
Lee@gmail.com,Lee,password
Amanda@gmail.com,Amanda,password
Bob@gmail.com,Bob,password
Jane@gmail.com,Jane,password
